<asf xmlversion="1.0">
	<project caption="U2duino Programmer" id="lufa.projects.u2duino.avr8">
		<require idref="lufa.projects.u2duino"/>
		<require idref="lufa.boards.dummy.avr8"/>
		<generator value="as5_8"/>

		<device-support value="at90usb1287"/>
		<config name="lufa.drivers.board.name" value="usbkey"/>

		<build type="define" name="F_CPU" value="8000000UL"/>
		<build type="define" name="F_USB" value="8000000UL"/>
	</project>

	<module type="application" id="lufa.projects.u2duino" caption="U2duino Programmer">
		<info type="description" value="summary">
		U2duino AVR programmer.
		</info>

 		<info type="gui-flag" value="move-to-root"/>

		<info type="keyword" value="Technology">
			<keyword value="Class Driver APIs"/>
			<keyword value="USB Device"/>
			<keyword value="CDC Class"/>
		</info>

		<device-support-alias value="lufa_avr8"/>
		<device-support-alias value="lufa_xmega"/>
		<device-support-alias value="lufa_uc3"/>

		<build type="distribute" subtype="user-file" value="doxyfile"/
		<build type="distribute" subtype="user-file" value="U2duino.txt"/>
		<build type="distribute" subtype="user-file" value="U2duino Programmer.inf"/>

		<build type="c-source" value="U2duino.c"/>
		<build type="c-source" value="Descriptors.c"/>
		<build type="header-file" value="U2duino.h"/>
		<build type="header-file" value="Descriptors.h"/>

		<build type="module-config" subtype="path" value="Config"/>
		<build type="module-config" subtype="required-header-file" value="AppConfig.h"/>
		<build type="header-file" value="Config/AppConfig.h"/>
		<build type="header-file" value="Config/LUFAConfig.h"/>

		<require idref="lufa.common"/>
		<require idref="lufa.platform"/>
		<require idref="lufa.drivers.usb"/>
		<require idref="lufa.drivers.peripheral.usart"/>
		<require idref="lufa.drivers.misc.ringbuffer"/>
		<require idref="lufa.drivers.board"/>
		<require idref="lufa.drivers.board.leds"/>
	</module>
</asf>
